ID Group,Group,ID Industry,Industry,ID Year,Year,ID State,State,Workforce by Industry and Gender,Workforce by Industry and Gender Moe,Geography,ID Geography,Slug Geography,Median Earnings,Median Earnings Moe,Workforce Prev,Workforce Growth,Median Earnings Prev,Median Earnings Growth,Share
0,"Agriculture, Forestry, Fishing & Hunting, & Mining",0,"Agriculture, Forestry, Fishing & Hunting",2022,"2022","04000US06","California",838,257.59852484049674,"Congressional District 17, CA","50000US0617","congressional-district-17-ca",67862,70808,961,-12.79916753381894,51066,32.890768808992284,0.2040483385157066
0,"Agriculture, Forestry, Fishing & Hunting, & Mining",1,"Mining, Quarrying, & Oil & Gas Extraction",2022,"2022","04000US06","California",118,66.70832032063167,"Congressional District 17, CA","50000US0617","congressional-district-17-ca",107917,56725,162,-27.160493827160494,232750,-53.63394199785178,0.02873234360961024
1,"Construction (Group)",2,"Construction",2022,"2022","04000US06","California",13699,1030.985935888555,"Congressional District 17, CA","50000US0617","congressional-district-17-ca",126689,11946,13501,1.4665580327383156,116610,8.643341051367807,3.335630297525853
2,"Manufacturing (Group)",3,"Manufacturing",2022,"2022","04000US06","California",78297,2102.2583095328696,"Congressional District 17, CA","50000US0617","congressional-district-17-ca",246997,9536,81518,-3.9512745651267203,218402,13.0928288202489,19.06488396272587
3,"Wholesale Trade (Group)",4,"Wholesale Trade",2022,"2022","04000US06","California",6593,639.1126661239002,"Congressional District 17, CA","50000US0617","congressional-district-17-ca",152001,22324,8143,-19.034753776249538,132508,14.71080991336372,1.6053588255776297
4,"Retail Trade (Group)",5,"Retail Trade",2022,"2022","04000US06","California",31846,1411.03685281427,"Congressional District 17, CA","50000US0617","congressional-district-17-ca",93182,7310,31149,2.237632026710328,85317,9.21856136526132,7.75432385247159
5,"Transportation & Warehousing, & Utilities",6,"Transportation & Warehousing",2022,"2022","04000US06","California",11806,869.3520575693141,"Congressional District 17, CA","50000US0617","congressional-district-17-ca",108135,15134,12068,-2.1710308253231685,99319,8.876448615068618,2.874695327585241
5,"Transportation & Warehousing, & Utilities",7,"Utilities",2022,"2022","04000US06","California",1615,351.80818637433663,"Congressional District 17, CA","50000US0617","congressional-district-17-ca",200106,41033,1455,10.996563573883162,185154,8.075439904079847,0.39324351635186894
6,"Information (Group)",8,"Information",2022,"2022","04000US06","California",31026,1563.708732469062,"Congressional District 17, CA","50000US0617","congressional-district-17-ca",371559,12617,27677,12.100299887993641,315581,17.738076753670214,7.554658413828536
7,"Finance & Insurance, & Real Estate & Rental & Leasing",9,"Finance & Insurance",2022,"2022","04000US06","California",11329,791.9646456755504,"Congressional District 17, CA","50000US0617","congressional-district-17-ca",220950,18994,11925,-4.9979035639413,201223,9.803551283898958,2.7585484809599525
7,"Finance & Insurance, & Real Estate & Rental & Leasing",10,"Real Estate & Rental & Leasing",2022,"2022","04000US06","California",4991,575.0912970998604,"Congressional District 17, CA","50000US0617","congressional-district-17-ca",158129,26289,5439,-8.236808236808237,128312,23.237888895816447,1.2152807369115652
8,"Professional, Scientific, & Management, & Administrative & Waste Management Services",11,"Professional, Scientific, & Technical Services",2022,"2022","04000US06","California",92746,2427.5522651428123,"Congressional District 17, CA","50000US0617","congressional-district-17-ca",280548,7743,98123,-5.479856914281055,248393,12.945211821589176,22.583135088278908
8,"Professional, Scientific, & Management, & Administrative & Waste Management Services",12,"Management of Companies & Enterprises",2022,"2022","04000US06","California",823,248.2438317461282,"Congressional District 17, CA","50000US0617","congressional-district-17-ca",301705,70536,954,-13.731656184486374,284607,6.007582385535142,0.20039592195516295
8,"Professional, Scientific, & Management, & Administrative & Waste Management Services",13,"Administrative & Support & Waste Management Services",2022,"2022","04000US06","California",12888,862.9745071553388,"Congressional District 17, CA","50000US0617","congressional-district-17-ca",92367,10910,13266,-2.8493894165535956,84851,8.857880284263002,3.138156308819125
9,"Educational Services, & Health Care & Social Assistance",14,"Educational Services",2022,"2022","04000US06","California",26908,1294.3515751139641,"Congressional District 17, CA","50000US0617","congressional-district-17-ca",119045,8473,27511,-2.191850532514267,104272,14.16775356759245,6.551948320740612
9,"Educational Services, & Health Care & Social Assistance",15,"Health Care & Social Assistance",2022,"2022","04000US06","California",40283,1637.7658562810495,"Congressional District 17, CA","50000US0617","congressional-district-17-ca",133482,5993,40694,-1.0099769007716124,122680,8.805021193348548,9.808686420558722
10,"Arts, Entertainment, & Recreation, & Accommodation & Food Services",16,"Arts, Entertainment, & Recreation",2022,"2022","04000US06","California",5427,519.3418912431385,"Congressional District 17, CA","50000US0617","congressional-district-17-ca",53621,15777,5683,-4.504663030089741,49835,7.5970703320959165,1.3214443116047014
10,"Arts, Entertainment, & Recreation, & Accommodation & Food Services",17,"Accommodation & Food Services",2022,"2022","04000US06","California",19101,1198.5407794480752,"Congressional District 17, CA","50000US0617","congressional-district-17-ca",50023,5024,20222,-5.543467510631985,50257,-0.46560678114491516,4.650987248196315
11,"Other Services, Except Public Administration (Group)",18,"Other Services, Except Public Administration",2022,"2022","04000US06","California",11528,807.0749655391376,"Congressional District 17, CA","50000US0617","congressional-district-17-ca",,,12224,-5.693717277486911,,NaN,2.8070038739964986
12,"Public Administration (Group)",19,"Public Administration",2022,"2022","04000US06","California",8825,756.9048817387823,"Congressional District 17, CA","50000US0617","congressional-district-17-ca",190158,19359,8401,5.047018212117605,170842,11.306353238664965,2.1488384097865283
0,"Agriculture, Forestry, Fishing & Hunting, & Mining",0,"Agriculture, Forestry, Fishing & Hunting",2021,"2021","04000US06","California",961,264.6148144001012,"Congressional District 17, CA","50000US0617","congressional-district-17-ca",51066,14844,744,29.166666666666668,48092,6.1839807036513355,0.22822483352173953
0,"Agriculture, Forestry, Fishing & Hunting, & Mining",1,"Mining, Quarrying, & Oil & Gas Extraction",2021,"2021","04000US06","California",162,86.97700845625813,"Congressional District 17, CA","50000US0617","congressional-district-17-ca",232750,50852,163,-0.6134969325153374,119886,94.142768963849,0.03847286475600604
1,"Construction (Group)",2,"Construction",2021,"2021","04000US06","California",13501,962.6006440887103,"Congressional District 17, CA","50000US0617","congressional-district-17-ca",116610,10426,13488,0.09638196915776988,104315,11.786416143411781,3.2063095498199847
2,"Manufacturing (Group)",3,"Manufacturing",2021,"2021","04000US06","California",81518,2199.476301304472,"Congressional District 17, CA","50000US0617","congressional-district-17-ca",218402,8527,80043,1.8427595167597417,200987,8.664739510515606,19.359450550494447
3,"Wholesale Trade (Group)",4,"Wholesale Trade",2021,"2021","04000US06","California",8143,787.3969773881533,"Congressional District 17, CA","50000US0617","congressional-district-17-ca",132508,19696,8280,-1.6545893719806761,130696,1.3864234559588664,1.9338551710380074
4,"Retail Trade (Group)",5,"Retail Trade",2021,"2021","04000US06","California",31149,1319.552954602429,"Congressional District 17, CA","50000US0617","congressional-district-17-ca",85317,6637,31249,-0.3200102403276905,75479,13.034088951893905,7.397476940029829
5,"Transportation & Warehousing, & Utilities",6,"Transportation & Warehousing",2021,"2021","04000US06","California",12068,1057.154671748652,"Congressional District 17, CA","50000US0617","congressional-district-17-ca",99319,13494,11429,5.5910403359874,100331,-1.0086613309944086,2.8659909375029686
5,"Transportation & Warehousing, & Utilities",7,"Utilities",2021,"2021","04000US06","California",1455,298.0738163609813,"Congressional District 17, CA","50000US0617","congressional-district-17-ca",185154,37519,1239,17.433414043583532,180996,2.2972883378638205,0.3455433223456098
6,"Information (Group)",8,"Information",2021,"2021","04000US06","California",27677,1299.5141399769377,"Congressional District 17, CA","50000US0617","congressional-district-17-ca",315581,18455,25356,9.1536519955829,279082,13.078235070696067,6.572922702789994
7,"Finance & Insurance, & Real Estate & Rental & Leasing",9,"Finance & Insurance",2021,"2021","04000US06","California",11925,822.3995379376134,"Congressional District 17, CA","50000US0617","congressional-district-17-ca",201223,20106,11839,0.7264127037756567,186406,7.948778472795941,2.8320303223171117
7,"Finance & Insurance, & Real Estate & Rental & Leasing",10,"Real Estate & Rental & Leasing",2021,"2021","04000US06","California",5439,538.7810315889008,"Congressional District 17, CA","50000US0617","congressional-district-17-ca",128312,19385,5578,-2.4919325923269993,116281,10.346488248295078,1.2916908111599807
8,"Professional, Scientific, & Management, & Administrative & Waste Management Services",11,"Professional, Scientific, & Technical Services",2021,"2021","04000US06","California",98123,2463.927961609267,"Congressional District 17, CA","50000US0617","congressional-district-17-ca",248393,7073,97038,1.1181186751581855,231741,7.185608071079351,23.302919187985065
8,"Professional, Scientific, & Management, & Administrative & Waste Management Services",12,"Management of Companies & Enterprises",2021,"2021","04000US06","California",954,240.60756430336932,"Congressional District 17, CA","50000US0617","congressional-district-17-ca",284607,70919,971,-1.7507723995880538,290327,-1.9701922315182536,0.22656242578536892
8,"Professional, Scientific, & Management, & Administrative & Waste Management Services",13,"Administrative & Support & Waste Management Services",2021,"2021","04000US06","California",13266,866.3400025394187,"Congressional District 17, CA","50000US0617","congressional-district-17-ca",84851,4705,12846,3.269500233535731,83962,1.0588123198589838,3.150500147241828
9,"Educational Services, & Health Care & Social Assistance",14,"Educational Services",2021,"2021","04000US06","California",27511,1423.0003513703007,"Congressional District 17, CA","50000US0617","congressional-district-17-ca",104272,8609,27702,-0.6894809039058551,97034,7.459241090751695,6.533499890756063
9,"Educational Services, & Health Care & Social Assistance",15,"Health Care & Social Assistance",2021,"2021","04000US06","California",40694,1570.9035616485182,"Congressional District 17, CA","50000US0617","congressional-district-17-ca",122680,5517,40228,1.158397136322959,112805,8.754044590222064,9.664288631980925
10,"Arts, Entertainment, & Recreation, & Accommodation & Food Services",16,"Arts, Entertainment, & Recreation",2021,"2021","04000US06","California",5683,589.04074561952,"Congressional District 17, CA","50000US0617","congressional-district-17-ca",49835,11501,5660,0.40636042402826855,49771,0.12858893733298507,1.3496375951134711
10,"Arts, Entertainment, & Recreation, & Accommodation & Food Services",17,"Accommodation & Food Services",2021,"2021","04000US06","California",20222,1390.2805472277887,"Congressional District 17, CA","50000US0617","congressional-district-17-ca",50257,5533,21064,-3.9973414356247625,45591,10.234476102739576,4.802458463555272
11,"Other Services, Except Public Administration (Group)",18,"Other Services, Except Public Administration",2021,"2021","04000US06","California",12224,993.1248662680841,"Congressional District 17, CA","50000US0617","congressional-district-17-ca",,,13019,-6.106459789538367,,NaN,2.9030388813420855
12,"Public Administration (Group)",19,"Public Administration",2021,"2021","04000US06","California",8401,661.9546812282545,"Congressional District 17, CA","50000US0617","congressional-district-17-ca",170842,17471,8014,4.829049163963065,150602,13.43939655515863,1.995126770464239
0,"Agriculture, Forestry, Fishing & Hunting, & Mining",0,"Agriculture, Forestry, Fishing & Hunting",2020,"2020","04000US06","California",744,234.8659191964641,"Congressional District 17, CA","50000US0617","congressional-district-17-ca",48092,15208,695,7.0503597122302155,37480,28.313767342582715,0.17886765236206276
0,"Agriculture, Forestry, Fishing & Hunting, & Mining",1,"Mining, Quarrying, & Oil & Gas Extraction",2020,"2020","04000US06","California",163,87.36131867136622,"Congressional District 17, CA","50000US0617","congressional-district-17-ca",119886,40224,162,0.6172839506172839,198363,-39.56231756930476,0.03918740233201106
1,"Construction (Group)",2,"Construction",2020,"2020","04000US06","California",13488,840.020237851446,"Congressional District 17, CA","50000US0617","congressional-district-17-ca",104315,14367,13780,-2.119013062409289,102888,1.3869450276028303,3.2426974395961055
2,"Manufacturing (Group)",3,"Manufacturing",2020,"2020","04000US06","California",80043,2150.9858205018463,"Congressional District 17, CA","50000US0617","congressional-district-17-ca",200987,8620,80585,-0.672581745982503,192952,4.164248103155189,19.243418680129825
3,"Wholesale Trade (Group)",4,"Wholesale Trade",2020,"2020","04000US06","California",8280,617.9093784690438,"Congressional District 17, CA","50000US0617","congressional-district-17-ca",130696,15805,8631,-4.066736183524505,120749,8.237749380947253,1.990623873061666
4,"Retail Trade (Group)",5,"Retail Trade",2020,"2020","04000US06","California",31249,1481.0283589452297,"Congressional District 17, CA","50000US0617","congressional-district-17-ca",75479,10191,31095,0.49525647210162405,68377,10.386533483481287,7.512681812717875
5,"Transportation & Warehousing, & Utilities",6,"Transportation & Warehousing",2020,"2020","04000US06","California",11429,925.4296299557303,"Congressional District 17, CA","50000US0617","congressional-district-17-ca",100331,10103,11470,-0.3574542284219704,98679,1.6741150599418317,2.7476860199543216
5,"Transportation & Warehousing, & Utilities",7,"Utilities",2020,"2020","04000US06","California",1239,303.94900888142405,"Congressional District 17, CA","50000US0617","congressional-district-17-ca",180996,63713,1106,12.025316455696203,201093,-9.993883427071056,0.2978723404255319
6,"Information (Group)",8,"Information",2020,"2020","04000US06","California",25356,1341.2952695063082,"Congressional District 17, CA","50000US0617","congressional-district-17-ca",279082,14863,23247,9.072138340431023,258338,8.02979042959224,6.095924990984494
7,"Finance & Insurance, & Real Estate & Rental & Leasing",9,"Finance & Insurance",2020,"2020","04000US06","California",11839,847.4396733691433,"Congressional District 17, CA","50000US0617","congressional-district-17-ca",186406,18232,11428,3.596429821491075,180698,3.1588617472246514,2.8462555595624472
7,"Finance & Insurance, & Real Estate & Rental & Leasing",10,"Real Estate & Rental & Leasing",2020,"2020","04000US06","California",5578,518.0057914734159,"Congressional District 17, CA","50000US0617","congressional-district-17-ca",116281,9484,6420,-13.11526479750779,113493,2.4565391698166406,1.341026565692992
8,"Professional, Scientific, & Management, & Administrative & Waste Management Services",11,"Professional, Scientific, & Technical Services",2020,"2020","04000US06","California",97038,2242.1119508178,"Congressional District 17, CA","50000US0617","congressional-district-17-ca",231741,3123,93444,3.8461538461538463,221874,4.44711863490089,23.329246303642265
8,"Professional, Scientific, & Management, & Administrative & Waste Management Services",12,"Management of Companies & Enterprises",2020,"2020","04000US06","California",971,256.82094930125925,"Congressional District 17, CA","50000US0617","congressional-district-17-ca",290327,56033,704,37.92613636363637,233655,24.254563351950527,0.23344151941339103
8,"Professional, Scientific, & Management, & Administrative & Waste Management Services",13,"Administrative & Support & Waste Management Services",2020,"2020","04000US06","California",12846,954.5365367548799,"Congressional District 17, CA","50000US0617","congressional-district-17-ca",83962,5363,13115,-2.051086542127335,79317,5.856247714865666,3.0883519653804545
9,"Educational Services, & Health Care & Social Assistance",14,"Educational Services",2020,"2020","04000US06","California",27702,1064.3237289471658,"Congressional District 17, CA","50000US0617","congressional-district-17-ca",97034,6868,26684,3.81502023684605,94531,2.6478086553617333,6.659935088351965
9,"Educational Services, & Health Care & Social Assistance",15,"Health Care & Social Assistance",2020,"2020","04000US06","California",40228,1783.3611524309931,"Congressional District 17, CA","50000US0617","congressional-district-17-ca",112805,6599,40875,-1.582874617737003,105627,6.795610970679846,9.671354730135834
10,"Arts, Entertainment, & Recreation, & Accommodation & Food Services",16,"Arts, Entertainment, & Recreation",2020,"2020","04000US06","California",5660,597.126452269534,"Congressional District 17, CA","50000US0617","congressional-district-17-ca",49771,14415,6055,-6.5235342691990095,46204,7.720110812916631,1.3607404736146171
10,"Arts, Entertainment, & Recreation, & Accommodation & Food Services",17,"Accommodation & Food Services",2020,"2020","04000US06","California",21064,1549.2840281885049,"Congressional District 17, CA","50000US0617","congressional-district-17-ca",45591,4612,21786,-3.3140548976406863,46427,-1.8006763305834967,5.064070200745282
11,"Other Services, Except Public Administration (Group)",18,"Other Services, Except Public Administration",2020,"2020","04000US06","California",13019,881.474333148731,"Congressional District 17, CA","50000US0617","congressional-district-17-ca",,,13532,-3.791013892994384,,NaN,3.1299435028248586
12,"Public Administration (Group)",19,"Public Administration",2020,"2020","04000US06","California",8014,684.9963503552409,"Congressional District 17, CA","50000US0617","congressional-district-17-ca",150602,15194,8233,-2.6600267217296247,149590,0.6765158098803397,1.926673879072004
0,"Agriculture, Forestry, Fishing & Hunting, & Mining",0,"Agriculture, Forestry, Fishing & Hunting",2019,"2019","04000US06","California",695,202.72641663088706,"Congressional District 17, CA","50000US0617","congressional-district-17-ca",37480,13701,686,1.3119533527696794,38255,-2.0258789700692716,0.1682617232421492
0,"Agriculture, Forestry, Fishing & Hunting, & Mining",1,"Mining, Quarrying, & Oil & Gas Extraction",2019,"2019","04000US06","California",162,100.2845950283492,"Congressional District 17, CA","50000US0617","congressional-district-17-ca",198363,61796,248,-34.67741935483871,189822,4.499478458766634,0.03922071822334988
1,"Construction (Group)",2,"Construction",2019,"2019","04000US06","California",13780,929.1469205674632,"Congressional District 17, CA","50000US0617","congressional-district-17-ca",102888,10654,13344,3.267386091127098,90253,13.999534641507761,3.336182080973836
2,"Manufacturing (Group)",3,"Manufacturing",2019,"2019","04000US06","California",80585,1773.4770931703629,"Congressional District 17, CA","50000US0617","congressional-district-17-ca",192952,6307,81128,-0.6693126910561089,181509,6.304370582174988,19.50988628412747
3,"Wholesale Trade (Group)",4,"Wholesale Trade",2019,"2019","04000US06","California",8631,680.943463145069,"Congressional District 17, CA","50000US0617","congressional-district-17-ca",120749,13672,8994,-4.036024016010674,123468,-2.202190041144264,2.0895927097884743
4,"Retail Trade (Group)",5,"Retail Trade",2019,"2019","04000US06","California",31095,1375.456287927755,"Congressional District 17, CA","50000US0617","congressional-district-17-ca",68377,4760,31188,-0.2981916121585225,65079,5.067686965073219,7.528198970092992
5,"Transportation & Warehousing, & Utilities",6,"Transportation & Warehousing",2019,"2019","04000US06","California",11470,813.5484005269753,"Congressional District 17, CA","50000US0617","congressional-district-17-ca",98679,9202,10130,13.228035538005923,89601,10.131583352864364,2.7769236914927355
5,"Transportation & Warehousing, & Utilities",7,"Utilities",2019,"2019","04000US06","California",1106,219.65882636488797,"Congressional District 17, CA","50000US0617","congressional-district-17-ca",201093,29336,1307,-15.378729915837797,156865,28.19494469766997,0.2677661379939813
6,"Information (Group)",8,"Information",2019,"2019","04000US06","California",23247,1079.396590693152,"Congressional District 17, CA","50000US0617","congressional-district-17-ca",258338,12005,22879,1.608461908300188,244718,5.565589780890658,5.628173065050709
7,"Finance & Insurance, & Real Estate & Rental & Leasing",9,"Finance & Insurance",2019,"2019","04000US06","California",11428,696.6900315061212,"Congressional District 17, CA","50000US0617","congressional-district-17-ca",180698,15347,11298,1.1506461320587715,171585,5.311070315004225,2.7667553571385337
7,"Finance & Insurance, & Real Estate & Rental & Leasing",10,"Real Estate & Rental & Leasing",2019,"2019","04000US06","California",6420,597.6771703854849,"Congressional District 17, CA","50000US0617","congressional-district-17-ca",113493,8839,6758,-5.001479727730097,105367,7.712092021221065,1.5543025369994214
8,"Professional, Scientific, & Management, & Administrative & Waste Management Services",11,"Professional, Scientific, & Technical Services",2019,"2019","04000US06","California",93444,2266.796197279323,"Congressional District 17, CA","50000US0617","congressional-district-17-ca",221874,4143,86973,7.440240074505882,210287,5.510088593208329,22.623091318905598
8,"Professional, Scientific, & Management, & Administrative & Waste Management Services",12,"Management of Companies & Enterprises",2019,"2019","04000US06","California",704,175.00000000000003,"Congressional District 17, CA","50000US0617","congressional-district-17-ca",233655,90232,659,6.828528072837632,225233,3.7392389214724306,0.1704406520323353
8,"Professional, Scientific, & Management, & Administrative & Waste Management Services",13,"Administrative & Support & Waste Management Services",2019,"2019","04000US06","California",13115,792.2783601739984,"Congressional District 17, CA","50000US0617","congressional-district-17-ca",79317,4864,13204,-0.674038170251439,75376,5.228454680534918,3.1751834536989736
9,"Educational Services, & Health Care & Social Assistance",14,"Educational Services",2019,"2019","04000US06","California",26684,1112.1510688750877,"Congressional District 17, CA","50000US0617","congressional-district-17-ca",94531,7046,25935,2.8879892037786776,92967,1.6823173814364236,6.460281759702891
9,"Educational Services, & Health Care & Social Assistance",15,"Health Care & Social Assistance",2019,"2019","04000US06","California",40875,1359.6620903739283,"Congressional District 17, CA","50000US0617","congressional-district-17-ca",105627,9652,39612,3.1884277491669195,102928,2.6222213586196177,9.895968255428558
10,"Arts, Entertainment, & Recreation, & Accommodation & Food Services",16,"Arts, Entertainment, & Recreation",2019,"2019","04000US06","California",6055,571.6082574630985,"Congressional District 17, CA","50000US0617","congressional-district-17-ca",46204,8381,5645,7.263064658990256,37778,22.303986447138545,1.4659348693974295
10,"Arts, Entertainment, & Recreation, & Accommodation & Food Services",17,"Accommodation & Food Services",2019,"2019","04000US06","California",21786,1162.5386015096446,"Congressional District 17, CA","50000US0617","congressional-district-17-ca",46427,3486,20628,5.613728912158232,42915,8.183618781311894,5.274460291443831
11,"Other Services, Except Public Administration (Group)",18,"Other Services, Except Public Administration",2019,"2019","04000US06","California",13532,904.1249913590487,"Congressional District 17, CA","50000US0617","congressional-district-17-ca",,,13443,0.6620546009075354,,NaN,3.2761404876442635
12,"Public Administration (Group)",19,"Public Administration",2019,"2019","04000US06","California",8233,653.153886920992,"Congressional District 17, CA","50000US0617","congressional-district-17-ca",149590,8777,7995,2.976860537836148,146142,2.3593491261923334,1.9932356366224666
0,"Agriculture, Forestry, Fishing & Hunting, & Mining",0,"Agriculture, Forestry, Fishing & Hunting",2018,"2018","04000US06","California",686,181.72781845386248,"Congressional District 17, CA","50000US0617","congressional-district-17-ca",38255,17481,656,4.573170731707317,34923,9.540990178392464,0.17062384654797613
0,"Agriculture, Forestry, Fishing & Hunting, & Mining",1,"Mining, Quarrying, & Oil & Gas Extraction",2018,"2018","04000US06","California",248,123.74570699624289,"Congressional District 17, CA","50000US0617","congressional-district-17-ca",189822,78583,142,74.64788732394366,195399,-2.854159949641503,0.061683256477985546
1,"Construction (Group)",2,"Construction",2018,"2018","04000US06","California",13344,724.0393635707937,"Congressional District 17, CA","50000US0617","congressional-district-17-ca",90253,8567,12835,3.9657187378262564,91770,-1.6530456576223165,3.318957155009029
2,"Manufacturing (Group)",3,"Manufacturing",2018,"2018","04000US06","California",81128,1615.8356970929935,"Congressional District 17, CA","50000US0617","congressional-district-17-ca",181509,4969,81585,-0.5601519887234172,176712,2.7145864457422246,20.178383998169398
3,"Wholesale Trade (Group)",4,"Wholesale Trade",2018,"2018","04000US06","California",8994,654.3225504290679,"Congressional District 17, CA","50000US0617","congressional-district-17-ca",123468,15381,9038,-0.4868333702146493,119149,3.624873058103719,2.237012938560492
4,"Retail Trade (Group)",5,"Retail Trade",2018,"2018","04000US06","California",31188,1274.21897647147,"Congressional District 17, CA","50000US0617","congressional-district-17-ca",65079,4789,30767,1.3683492053173854,58254,11.715933669790916,7.75716694772344
5,"Transportation & Warehousing, & Utilities",6,"Transportation & Warehousing",2018,"2018","04000US06","California",10130,712.9775592541465,"Congressional District 17, CA","50000US0617","congressional-district-17-ca",89601,10055,9447,7.229808404784588,87761,2.096603274803159,2.5195620488790063
5,"Transportation & Warehousing, & Utilities",7,"Utilities",2018,"2018","04000US06","California",1307,238.4722206044134,"Congressional District 17, CA","50000US0617","congressional-district-17-ca",156865,53484,1461,-10.540725530458591,176242,-10.994541596214297,0.325080710551319
6,"Information (Group)",8,"Information",2018,"2018","04000US06","California",22879,1037.8636712015698,"Congressional District 17, CA","50000US0617","congressional-district-17-ca",244718,5923,21420,6.811391223155929,230401,6.213948724180884,5.690529132902546
7,"Finance & Insurance, & Real Estate & Rental & Leasing",9,"Finance & Insurance",2018,"2018","04000US06","California",11298,801.400024956326,"Congressional District 17, CA","50000US0617","congressional-district-17-ca",171585,12617,11198,0.8930166101089481,162248,5.754770474828658,2.810070289065648
7,"Finance & Insurance, & Real Estate & Rental & Leasing",10,"Real Estate & Rental & Leasing",2018,"2018","04000US06","California",6758,614.8333107436519,"Congressional District 17, CA","50000US0617","congressional-district-17-ca",105367,9111,6846,-1.2854221443178497,101453,3.8579440726247625,1.680868739025106
8,"Professional, Scientific, & Management, & Administrative & Waste Management Services",11,"Professional, Scientific, & Technical Services",2018,"2018","04000US06","California",86973,2069.5857073337165,"Congressional District 17, CA","50000US0617","congressional-district-17-ca",210287,5410,81733,6.411119131807226,201131,4.552256986739986,21.632168813144503
8,"Professional, Scientific, & Management, & Administrative & Waste Management Services",12,"Management of Companies & Enterprises",2018,"2018","04000US06","California",659,158.7954659302337,"Congressional District 17, CA","50000US0617","congressional-district-17-ca",225233,107160,396,66.41414141414141,252227,-10.702264230237049,0.16390833072174385
8,"Professional, Scientific, & Management, & Administrative & Waste Management Services",13,"Administrative & Support & Waste Management Services",2018,"2018","04000US06","California",13204,829.0868470793636,"Congressional District 17, CA","50000US0617","congressional-district-17-ca",75376,6315,12990,1.647421093148576,68241,10.455591213493353,3.2841359618359727
9,"Educational Services, & Health Care & Social Assistance",14,"Educational Services",2018,"2018","04000US06","California",25935,927.9062452640351,"Congressional District 17, CA","50000US0617","congressional-district-17-ca",92967,5112,24716,4.9320278362194525,88451,5.105651716769737,6.45062603530869
9,"Educational Services, & Health Care & Social Assistance",15,"Health Care & Social Assistance",2018,"2018","04000US06","California",39612,1341.7544484740865,"Congressional District 17, CA","50000US0617","congressional-district-17-ca",102928,6949,39115,1.2706122970727343,95925,7.300495178524889,9.852407885507917
10,"Arts, Entertainment, & Recreation, & Accommodation & Food Services",16,"Arts, Entertainment, & Recreation",2018,"2018","04000US06","California",5645,513.5610966574474,"Congressional District 17, CA","50000US0617","congressional-district-17-ca",37778,8123,5603,0.7495984294128145,38464,-1.7834858569051582,1.4040402532993081
10,"Arts, Entertainment, & Recreation, & Accommodation & Food Services",17,"Accommodation & Food Services",2018,"2018","04000US06","California",20628,1217.0061626795487,"Congressional District 17, CA","50000US0617","congressional-district-17-ca",42915,3927,19604,5.223423791063048,40714,5.406002849142801,5.1306540912414755
11,"Other Services, Except Public Administration (Group)",18,"Other Services, Except Public Administration",2018,"2018","04000US06","California",13443,787.4642849044012,"Congressional District 17, CA","50000US0617","congressional-district-17-ca",,,13297,1.097992028277055,,NaN,3.343580713038547
12,"Public Administration (Group)",19,"Public Administration",2018,"2018","04000US06","California",7995,591.1514188429221,"Congressional District 17, CA","50000US0617","congressional-district-17-ca",146142,9732,7814,2.3163552597901207,140443,4.057874012944753,1.9885388529898969
0,"Agriculture, Forestry, Fishing & Hunting, & Mining",0,"Agriculture, Forestry, Fishing & Hunting",2017,"2017","04000US06","California",656,200.52431274037573,"Congressional District 17, CA","50000US0617","congressional-district-17-ca",34923,23093,569,15.289982425307558,45861,-23.85033034604566,0.1679196647750107
0,"Agriculture, Forestry, Fishing & Hunting, & Mining",1,"Mining, Quarrying, & Oil & Gas Extraction",2017,"2017","04000US06","California",142,91.52595260361949,"Congressional District 17, CA","50000US0617","congressional-district-17-ca",195399,50613,108,31.48148148148148,153281,27.477639107260522,0.036348464021419995
1,"Construction (Group)",2,"Construction",2017,"2017","04000US06","California",12835,905.3800307053388,"Congressional District 17, CA","50000US0617","congressional-district-17-ca",91770,14161,12768,0.524749373433584,84608,8.464920574886534,3.2854403923586317
2,"Manufacturing (Group)",3,"Manufacturing",2017,"2017","04000US06","California",81585,1866.7244038689803,"Congressional District 17, CA","50000US0617","congressional-district-17-ca",176712,4160,80214,1.7091779489864611,173661,1.756871145507627,20.883728430898245
3,"Wholesale Trade (Group)",4,"Wholesale Trade",2017,"2017","04000US06","California",9038,647.5345550625078,"Congressional District 17, CA","50000US0617","congressional-district-17-ca",119149,12145,8712,3.7419651056014693,116523,2.2536323300979206,2.31350294243376
4,"Retail Trade (Group)",5,"Retail Trade",2017,"2017","04000US06","California",30767,1284.449298337618,"Congressional District 17, CA","50000US0617","congressional-district-17-ca",58254,7522,31218,-1.4446793516560958,60207,-3.24380885943495,7.875585863007246
5,"Transportation & Warehousing, & Utilities",6,"Transportation & Warehousing",2017,"2017","04000US06","California",9447,749.353054307514,"Congressional District 17, CA","50000US0617","congressional-district-17-ca",87761,8391,8875,6.445070422535211,88963,-1.3511235007812237,2.4181967578193997
5,"Transportation & Warehousing, & Utilities",7,"Utilities",2017,"2017","04000US06","California",1461,265.76681508420126,"Congressional District 17, CA","50000US0617","congressional-district-17-ca",176242,49261,1505,-2.9235880398671097,182649,-3.507821011886186,0.3739796192626382
6,"Information (Group)",8,"Information",2017,"2017","04000US06","California",21420,1128.0859896302231,"Congressional District 17, CA","50000US0617","congressional-district-17-ca",230401,11014,19107,12.10551106924164,214917,7.204641791947589,5.482986615062087
7,"Finance & Insurance, & Real Estate & Rental & Leasing",9,"Finance & Insurance",2017,"2017","04000US06","California",11198,777.5995113167189,"Congressional District 17, CA","50000US0617","congressional-district-17-ca",162248,13204,11073,1.1288720310665583,149728,8.361829450737337,2.866409155717332
7,"Finance & Insurance, & Real Estate & Rental & Leasing",10,"Real Estate & Rental & Leasing",2017,"2017","04000US06","California",6846,531.7518218116418,"Congressional District 17, CA","50000US0617","congressional-district-17-ca",101453,10530,6770,1.1225997045790252,100993,0.4554771122751082,1.7524055259904316
8,"Professional, Scientific, & Management, & Administrative & Waste Management Services",11,"Professional, Scientific, & Technical Services",2017,"2017","04000US06","California",81733,2018.062437091578,"Congressional District 17, CA","50000US0617","congressional-district-17-ca",201131,6320,74953,9.04566861900124,191355,5.1088291395573675,20.921612745512117
8,"Professional, Scientific, & Management, & Administrative & Waste Management Services",12,"Management of Companies & Enterprises",2017,"2017","04000US06","California",396,103.24727599312246,"Congressional District 17, CA","50000US0617","congressional-district-17-ca",252227,130831,331,19.637462235649547,175794,43.47873078717135,0.10136613910198815
8,"Professional, Scientific, & Management, & Administrative & Waste Management Services",13,"Administrative & Support & Waste Management Services",2017,"2017","04000US06","California",12990,843.0260968677068,"Congressional District 17, CA","50000US0617","congressional-district-17-ca",68241,7491,12812,1.3893225101467375,63568,7.3511829851497605,3.325116532663702
9,"Educational Services, & Health Care & Social Assistance",14,"Educational Services",2017,"2017","04000US06","California",24716,1138.729116164156,"Congressional District 17, CA","50000US0617","congressional-district-17-ca",88451,7002,23882,3.4921698350221924,84804,4.30050469317485,6.326680540517018
9,"Educational Services, & Health Care & Social Assistance",15,"Health Care & Social Assistance",2017,"2017","04000US06","California",39115,1221.77330139433,"Congressional District 17, CA","50000US0617","congressional-district-17-ca",95925,6918,38798,0.8170524253827517,97496,-1.6113481578731437,10.012465987308754
10,"Arts, Entertainment, & Recreation, & Accommodation & Food Services",16,"Arts, Entertainment, & Recreation",2017,"2017","04000US06","California",5603,519.9778841450856,"Congressional District 17, CA","50000US0617","congressional-district-17-ca",38464,7077,5209,7.56383182952582,41190,-6.618111192036902,1.4342284782536356
10,"Arts, Entertainment, & Recreation, & Accommodation & Food Services",17,"Accommodation & Food Services",2017,"2017","04000US06","California",19604,1062.1205204683695,"Congressional District 17, CA","50000US0617","congressional-district-17-ca",40714,4116,18960,3.39662447257384,36907,10.315116373587667,5.018135835745899
11,"Other Services, Except Public Administration (Group)",18,"Other Services, Except Public Administration",2017,"2017","04000US06","California",13297,825.2084585121507,"Congressional District 17, CA","50000US0617","congressional-district-17-ca",,,13075,1.6978967495219888,,NaN,3.4037008879776174
12,"Public Administration (Group)",19,"Public Administration",2017,"2017","04000US06","California",7814,602.3163620556892,"Congressional District 17, CA","50000US0617","congressional-district-17-ca",140443,8663,7816,-0.0255885363357216,140582,-0.09887467812379963,2.000189421573069
0,"Agriculture, Forestry, Fishing & Hunting, & Mining",0,"Agriculture, Forestry, Fishing & Hunting",2016,"2016","04000US06","California",569,176.7059704707229,"Congressional District 17, CA","50000US0617","congressional-district-17-ca",45861,21878,529,7.561436672967864,45599,0.5745740038158731,0.15102652917678597
0,"Agriculture, Forestry, Fishing & Hunting, & Mining",1,"Mining, Quarrying, & Oil & Gas Extraction",2016,"2016","04000US06","California",108,71.1196175467782,"Congressional District 17, CA","50000US0617","congressional-district-17-ca",153281,87203,159,-32.075471698113205,125503,22.13333545811654,0.02866584385077836
1,"Construction (Group)",2,"Construction",2016,"2016","04000US06","California",12768,788.7515451648891,"Congressional District 17, CA","50000US0617","congressional-district-17-ca",84608,16080,13056,-2.2058823529411766,87761,-3.592712024703456,3.388939761914241
2,"Manufacturing (Group)",3,"Manufacturing",2016,"2016","04000US06","California",80214,1630.5032965314729,"Congressional District 17, CA","50000US0617","congressional-district-17-ca",173661,4621,81646,-1.753913235186047,171951,0.9944693546417293,21.290759246725326
3,"Wholesale Trade (Group)",4,"Wholesale Trade",2016,"2016","04000US06","California",8712,576.9332717047961,"Congressional District 17, CA","50000US0617","congressional-district-17-ca",116523,11176,8488,2.639019792648445,115110,1.2275215011727914,2.312378070629454
4,"Retail Trade (Group)",5,"Retail Trade",2016,"2016","04000US06","California",31218,1271.3787791213128,"Congressional District 17, CA","50000US0617","congressional-district-17-ca",60207,7220,30732,1.5814135103475204,58401,3.0924128011506653,8.286021419755544
5,"Transportation & Warehousing, & Utilities",6,"Transportation & Warehousing",2016,"2016","04000US06","California",8875,591.8487982584742,"Congressional District 17, CA","50000US0617","congressional-district-17-ca",88963,9518,8897,-0.2472743621445431,86803,2.488393258297524,2.3556422608857215
5,"Transportation & Warehousing, & Utilities",7,"Utilities",2016,"2016","04000US06","California",1505,264.46360808247323,"Congressional District 17, CA","50000US0617","congressional-district-17-ca",182649,42810,1699,-11.418481459682166,174065,4.931491109642949,0.39946384255019846
6,"Information (Group)",8,"Information",2016,"2016","04000US06","California",19107,1031.34523802653,"Congressional District 17, CA","50000US0617","congressional-district-17-ca",214917,9962,17030,12.196124486200823,204997,4.8390952062713115,5.071465541266871
7,"Finance & Insurance, & Real Estate & Rental & Leasing",9,"Finance & Insurance",2016,"2016","04000US06","California",11073,740.7698697976316,"Congressional District 17, CA","50000US0617","congressional-district-17-ca",149728,15258,10425,6.215827338129496,146430,2.252270709554053,2.939045268145081
7,"Finance & Insurance, & Real Estate & Rental & Leasing",10,"Real Estate & Rental & Leasing",2016,"2016","04000US06","California",6770,560.0285706997456,"Congressional District 17, CA","50000US0617","congressional-district-17-ca",100993,9775,6319,7.137205253995886,94138,7.2818627971701115,1.7969237302756433
8,"Professional, Scientific, & Management, & Administrative & Waste Management Services",11,"Professional, Scientific, & Technical Services",2016,"2016","04000US06","California",74953,1737.831119528017,"Congressional District 17, CA","50000US0617","congressional-district-17-ca",191355,6213,68053,10.139156245867193,183669,4.184701827744475,19.89436105692028
8,"Professional, Scientific, & Management, & Administrative & Waste Management Services",12,"Management of Companies & Enterprises",2016,"2016","04000US06","California",331,100.44899203078147,"Congressional District 17, CA","50000US0617","congressional-district-17-ca",175794,123600,235,40.85106382978723,146794,19.755575840974426,0.08785550291303366
8,"Professional, Scientific, & Management, & Administrative & Waste Management Services",13,"Administrative & Support & Waste Management Services",2016,"2016","04000US06","California",12812,863.7082840867047,"Congressional District 17, CA","50000US0617","congressional-district-17-ca",63568,7861,12854,-0.32674653804263265,57510,10.533820205181707,3.4006184390386323
9,"Educational Services, & Health Care & Social Assistance",14,"Educational Services",2016,"2016","04000US06","California",23882,998.9079036627952,"Congressional District 17, CA","50000US0617","congressional-district-17-ca",84804,7033,22926,4.169938061589462,81552,3.987639788110654,6.338867433743414
9,"Educational Services, & Health Care & Social Assistance",15,"Health Care & Social Assistance",2016,"2016","04000US06","California",38798,1283.839553838407,"Congressional District 17, CA","50000US0617","congressional-district-17-ca",97496,5828,38236,1.4698190187258082,97895,-0.40757954951734,10.297938978912025
10,"Arts, Entertainment, & Recreation, & Accommodation & Food Services",16,"Arts, Entertainment, & Recreation",2016,"2016","04000US06","California",5209,531.7377173005505,"Congressional District 17, CA","50000US0617","congressional-district-17-ca",41190,9276,5413,-3.7687049695178274,38173,7.903491996961202,1.3825961168398562
10,"Arts, Entertainment, & Recreation, & Accommodation & Food Services",17,"Accommodation & Food Services",2016,"2016","04000US06","California",18960,1015.2364256664553,"Congressional District 17, CA","50000US0617","congressional-district-17-ca",36907,2931,19313,-1.8277843939315488,36435,1.295457664333745,5.0324481426922
11,"Other Services, Except Public Administration (Group)",18,"Other Services, Except Public Administration",2016,"2016","04000US06","California",13075,791.4707827835466,"Congressional District 17, CA","50000US0617","congressional-district-17-ca",,,12405,5.401047964530431,,NaN,3.47042507730488
12,"Public Administration (Group)",19,"Public Administration",2016,"2016","04000US06","California",7816,543.3681992903155,"Congressional District 17, CA","50000US0617","congressional-district-17-ca",140582,11474,8052,-2.930948832588177,139585,0.7142601282372748,2.074557736460034
0,"Agriculture, Forestry, Fishing & Hunting, & Mining",0,"Agriculture, Forestry, Fishing & Hunting",2015,"2015","04000US06","California",529,160.15305179733542,"Congressional District 17, CA","50000US0617","congressional-district-17-ca",45599,22374,649,-18.489984591679505,71565,-36.283099280374486,0.14435133313504353
0,"Agriculture, Forestry, Fishing & Hunting, & Mining",1,"Mining, Quarrying, & Oil & Gas Extraction",2015,"2015","04000US06","California",159,90.73588044428732,"Congressional District 17, CA","50000US0617","congressional-district-17-ca",125503,91513,238,-33.193277310924366,121105,3.631559390611453,0.043387262700324995
1,"Construction (Group)",2,"Construction",2015,"2015","04000US06","California",13056,887.9211676719954,"Congressional District 17, CA","50000US0617","congressional-district-17-ca",87761,9813,12588,3.7178265014299336,87018,0.8538463306442345,3.562667307015366
2,"Manufacturing (Group)",3,"Manufacturing",2015,"2015","04000US06","California",81646,1817.2512209378208,"Congressional District 17, CA","50000US0617","congressional-district-17-ca",171951,4452,80587,1.31410773449812,173113,-0.6712378619745484,22.279222958683864
3,"Wholesale Trade (Group)",4,"Wholesale Trade",2015,"2015","04000US06","California",8488,545.0467869825488,"Congressional District 17, CA","50000US0617","congressional-district-17-ca",115110,6439,8363,1.4946789429630516,116236,-0.9687188134485013,2.3161703509456513
4,"Retail Trade (Group)",5,"Retail Trade",2015,"2015","04000US06","California",30732,1206.3374320645116,"Congressional District 17, CA","50000US0617","congressional-district-17-ca",58401,5471,30125,2.0149377593360995,56536,3.298783076269987,8.386021115134513
5,"Transportation & Warehousing, & Utilities",6,"Transportation & Warehousing",2015,"2015","04000US06","California",8897,714.9832165862357,"Congressional District 17, CA","50000US0617","congressional-district-17-ca",86803,11279,8294,7.270315891005547,90901,-4.508201229909462,2.4277765801559212
5,"Transportation & Warehousing, & Utilities",7,"Utilities",2015,"2015","04000US06","California",1699,297.0269348055829,"Congressional District 17, CA","50000US0617","congressional-district-17-ca",174065,25279,1591,6.78818353236958,172997,0.6173517459840344,0.46361609640158596
6,"Information (Group)",8,"Information",2015,"2015","04000US06","California",17030,994.1559233842546,"Congressional District 17, CA","50000US0617","congressional-district-17-ca",204997,14689,15855,7.4109113844213175,194016,5.659842487217549,4.647075998657451
7,"Finance & Insurance, & Real Estate & Rental & Leasing",9,"Finance & Insurance",2015,"2015","04000US06","California",10425,605.8258825768341,"Congressional District 17, CA","50000US0617","congressional-district-17-ca",146430,9526,10232,1.8862392494136042,145289,0.7853313051917212,2.844730903464705
7,"Finance & Insurance, & Real Estate & Rental & Leasing",10,"Real Estate & Rental & Leasing",2015,"2015","04000US06","California",6319,671.863081289633,"Congressional District 17, CA","50000US0617","congressional-district-17-ca",94138,12633,5980,5.668896321070234,92361,1.9239722393651002,1.724302597505369
8,"Professional, Scientific, & Management, & Administrative & Waste Management Services",11,"Professional, Scientific, & Technical Services",2015,"2015","04000US06","California",68053,1613.9151154878004,"Congressional District 17, CA","50000US0617","congressional-district-17-ca",183669,6320,63280,7.542667509481668,181636,1.1192715100530732,18.570021311605135
8,"Professional, Scientific, & Management, & Administrative & Waste Management Services",12,"Management of Companies & Enterprises",2015,"2015","04000US06","California",235,87,"Congressional District 17, CA","50000US0617","congressional-district-17-ca",146794,89565,224,4.910714285714286,104183,40.900146856972825,0.06412582851934827
8,"Professional, Scientific, & Management, & Administrative & Waste Management Services",13,"Administrative & Support & Waste Management Services",2015,"2015","04000US06","California",12854,988.5873760067948,"Congressional District 17, CA","50000US0617","congressional-district-17-ca",57510,4107,12569,2.267483491128968,57775,-0.4586758978797058,3.50754638207533
9,"Educational Services, & Health Care & Social Assistance",14,"Educational Services",2015,"2015","04000US06","California",22926,1003.4679865346975,"Congressional District 17, CA","50000US0617","congressional-district-17-ca",81552,7100,22656,1.1917372881355932,80231,1.6464957435405265,6.255952104827993
9,"Educational Services, & Health Care & Social Assistance",15,"Health Care & Social Assistance",2015,"2015","04000US06","California",38236,1335.2801204241753,"Congressional District 17, CA","50000US0617","congressional-district-17-ca",97895,5582,37594,1.707719316912273,97151,0.7658181593601713,10.433681613897022
10,"Arts, Entertainment, & Recreation, & Accommodation & Food Services",16,"Arts, Entertainment, & Recreation",2015,"2015","04000US06","California",5413,548.7440204685605,"Congressional District 17, CA","50000US0617","congressional-district-17-ca",38173,8049,5113,5.867396831605711,40308,-5.296715292249678,1.4770770628733283
10,"Arts, Entertainment, & Recreation, & Accommodation & Food Services",17,"Accommodation & Food Services",2015,"2015","04000US06","California",19313,1053.4861176114284,"Congressional District 17, CA","50000US0617","congressional-district-17-ca",36435,2611,17782,8.609830165335733,34561,5.422296808541419,5.2700516008262674
11,"Other Services, Except Public Administration (Group)",18,"Other Services, Except Public Administration",2015,"2015","04000US06","California",12405,802.5739841285663,"Congressional District 17, CA","50000US0617","congressional-district-17-ca",,,11909,4.164917289444958,,NaN,3.385025118223469
12,"Public Administration (Group)",19,"Public Administration",2015,"2015","04000US06","California",8052,548.0301086619238,"Congressional District 17, CA","50000US0617","congressional-district-17-ca",139585,17332,7859,2.45578317852144,130293,7.1316187362329515,2.197196473352307
0,"Agriculture, Forestry, Fishing & Hunting, & Mining",0,"Agriculture, Forestry, Fishing & Hunting",2014,"2014","04000US06","California",649,197.5854245636555,"Congressional District 17, CA","50000US0617","congressional-district-17-ca",71565,47028,535,21.30841121495327,46831,52.81544276227286,0.18359887747250261
0,"Agriculture, Forestry, Fishing & Hunting, & Mining",1,"Mining, Quarrying, & Oil & Gas Extraction",2014,"2014","04000US06","California",238,108.97706180660224,"Congressional District 17, CA","50000US0617","congressional-district-17-ca",121105,123683,130,83.07692307692308,43188,180.41354079836992,0.06732901824107183
1,"Construction (Group)",2,"Construction",2014,"2014","04000US06","California",12588,882.6012689771072,"Congressional District 17, CA","50000US0617","congressional-district-17-ca",87018,8949,12555,0.2628434886499403,93816,-7.246098746482477,3.5610826958765216
2,"Manufacturing (Group)",3,"Manufacturing",2014,"2014","04000US06","California",80587,1821.0875871302842,"Congressional District 17, CA","50000US0617","congressional-district-17-ca",173113,6007,79492,1.3774971066270818,167940,3.0802667619387876,22.797662155433848
3,"Wholesale Trade (Group)",4,"Wholesale Trade",2014,"2014","04000US06","California",8363,644.0628851284632,"Congressional District 17, CA","50000US0617","congressional-district-17-ca",116236,6978,7745,7.979341510652034,113444,2.4611261944219174,2.365851174580184
4,"Retail Trade (Group)",5,"Retail Trade",2014,"2014","04000US06","California",30125,1275.8471695308963,"Congressional District 17, CA","50000US0617","congressional-district-17-ca",56536,5645,30239,-0.3769965938027051,55305,2.22583853177832,8.52221291811886
5,"Transportation & Warehousing, & Utilities",6,"Transportation & Warehousing",2014,"2014","04000US06","California",8294,598.4321181220139,"Congressional District 17, CA","50000US0617","congressional-district-17-ca",90901,13950,8583,-3.3671210532447864,93223,-2.4908016262081247,2.3463314171909655
5,"Transportation & Warehousing, & Utilities",7,"Utilities",2014,"2014","04000US06","California",1591,246.9817807045694,"Congressional District 17, CA","50000US0617","congressional-district-17-ca",172997,29256,1764,-9.807256235827664,170123,1.6893659293569947,0.45008600009052646
6,"Information (Group)",8,"Information",2014,"2014","04000US06","California",15855,855.4355615708291,"Congressional District 17, CA","50000US0617","congressional-district-17-ca",194016,11802,14115,12.327311370882041,182886,6.085758341261769,4.485300774000814
7,"Finance & Insurance, & Real Estate & Rental & Leasing",9,"Finance & Insurance",2014,"2014","04000US06","California",10232,740.9952766381174,"Congressional District 17, CA","50000US0617","congressional-district-17-ca",145289,9147,10384,-1.4637904468412943,138168,5.153870650222917,2.894581994296836
7,"Finance & Insurance, & Real Estate & Rental & Leasing",10,"Real Estate & Rental & Leasing",2014,"2014","04000US06","California",5980,610.4498341387276,"Congressional District 17, CA","50000US0617","congressional-district-17-ca",92361,10695,6206,-3.6416371253625526,89727,2.935571232739309,1.6917123070655862
8,"Professional, Scientific, & Management, & Administrative & Waste Management Services",11,"Professional, Scientific, & Technical Services",2014,"2014","04000US06","California",63280,1686.399715369995,"Congressional District 17, CA","50000US0617","congressional-district-17-ca",181636,5274,60507,4.582940816765002,180689,0.5241049538156722,17.90159779115557
8,"Professional, Scientific, & Management, & Administrative & Waste Management Services",12,"Management of Companies & Enterprises",2014,"2014","04000US06","California",224,98.47842403288143,"Congressional District 17, CA","50000US0617","congressional-district-17-ca",104183,69616,153,46.40522875816993,125355,-16.88963344102748,0.0633684877563029
8,"Professional, Scientific, & Management, & Administrative & Waste Management Services",13,"Administrative & Support & Waste Management Services",2014,"2014","04000US06","California",12569,905.8035107019624,"Congressional District 17, CA","50000US0617","congressional-district-17-ca",57775,8679,12533,0.28724168195962657,60664,-4.762297243834894,3.5557076902186213
9,"Educational Services, & Health Care & Social Assistance",14,"Educational Services",2014,"2014","04000US06","California",22656,1096.8030816878663,"Congressional District 17, CA","50000US0617","congressional-district-17-ca",80231,7233,22706,-0.2202061129216947,78574,2.1088400743248403,6.409269904494637
9,"Educational Services, & Health Care & Social Assistance",15,"Health Care & Social Assistance",2014,"2014","04000US06","California",37594,1332.307021673308,"Congressional District 17, CA","50000US0617","congressional-district-17-ca",97151,4635,36561,2.825415059763136,98087,-0.9542548961636098,10.635155931743085
10,"Arts, Entertainment, & Recreation, & Accommodation & Food Services",16,"Arts, Entertainment, & Recreation",2014,"2014","04000US06","California",5113,529.2050642236901,"Congressional District 17, CA","50000US0617","congressional-district-17-ca",40308,16350,4659,9.744580382056235,40491,-0.45195228569311696,1.446442312044539
10,"Arts, Entertainment, & Recreation, & Accommodation & Food Services",17,"Accommodation & Food Services",2014,"2014","04000US06","California",17782,1153.264063430401,"Congressional District 17, CA","50000US0617","congressional-district-17-ca",34561,3050,16196,9.792541368239071,34178,1.120603897243841,5.030439505725796
11,"Other Services, Except Public Administration (Group)",18,"Other Services, Except Public Administration",2014,"2014","04000US06","California",11909,691.2315096984512,"Congressional District 17, CA","50000US0617","congressional-district-17-ca",,,11630,2.3989681857265692,,NaN,3.368996967365229
12,"Public Administration (Group)",19,"Public Administration",2014,"2014","04000US06","California",7859,613.326177494488,"Congressional District 17, CA","50000US0617","congressional-district-17-ca",130293,20213,7692,2.171086843473739,127877,1.889315514126856,2.2232720771285024
0,"Agriculture, Forestry, Fishing & Hunting, & Mining",0,"Agriculture, Forestry, Fishing & Hunting",2013,"2013","04000US06","California",535,196.7739820199815,"Congressional District 17, CA","50000US0617","congressional-district-17-ca",46831,58752,,NaN,,NaN,0.15534939094327568
0,"Agriculture, Forestry, Fishing & Hunting, & Mining",1,"Mining, Quarrying, & Oil & Gas Extraction",2013,"2013","04000US06","California",130,73.43023900274328,"Congressional District 17, CA","50000US0617","congressional-district-17-ca",43188,24775,,NaN,,NaN,0.037748450135749234
1,"Construction (Group)",2,"Construction",2013,"2013","04000US06","California",12555,956.7136457686803,"Congressional District 17, CA","50000US0617","congressional-district-17-ca",93816,9010,,NaN,,NaN,3.645629165033321
2,"Manufacturing (Group)",3,"Manufacturing",2013,"2013","04000US06","California",79492,1666.2487809447905,"Congressional District 17, CA","50000US0617","congressional-district-17-ca",167940,4304,,NaN,,NaN,23.0823061399306
3,"Wholesale Trade (Group)",4,"Wholesale Trade",2013,"2013","04000US06","California",7745,615.6524993858143,"Congressional District 17, CA","50000US0617","congressional-district-17-ca",113444,8190,,NaN,,NaN,2.2489365100105987
4,"Retail Trade (Group)",5,"Retail Trade",2013,"2013","04000US06","California",30239,1190.5763310262805,"Congressional District 17, CA","50000US0617","congressional-district-17-ca",55305,4168,,NaN,,NaN,8.780579874268623
5,"Transportation & Warehousing, & Utilities",6,"Transportation & Warehousing",2013,"2013","04000US06","California",8583,729.7211796295898,"Congressional District 17, CA","50000US0617","congressional-district-17-ca",93223,12448,,NaN,,NaN,2.492268827039505
5,"Transportation & Warehousing, & Utilities",7,"Utilities",2013,"2013","04000US06","California",1764,300.7523898491914,"Congressional District 17, CA","50000US0617","congressional-district-17-ca",170123,23389,,NaN,,NaN,0.512217431072782
6,"Information (Group)",8,"Information",2013,"2013","04000US06","California",14115,967.219209900217,"Congressional District 17, CA","50000US0617","congressional-district-17-ca",182886,11605,,NaN,,NaN,4.098610566662312
7,"Finance & Insurance, & Real Estate & Rental & Leasing",9,"Finance & Insurance",2013,"2013","04000US06","California",10384,798.0382196361273,"Congressional District 17, CA","50000US0617","congressional-district-17-ca",138168,9199,,NaN,,NaN,3.015230047766308
7,"Finance & Insurance, & Real Estate & Rental & Leasing",10,"Real Estate & Rental & Leasing",2013,"2013","04000US06","California",6206,607.1737807250902,"Congressional District 17, CA","50000US0617","congressional-district-17-ca",89727,8417,,NaN,,NaN,1.802052934941998
8,"Professional, Scientific, & Management, & Administrative & Waste Management Services",11,"Professional, Scientific, & Technical Services",2013,"2013","04000US06","California",60507,1773.8663985768487,"Congressional District 17, CA","50000US0617","congressional-district-17-ca",180689,4906,,NaN,,NaN,17.569580556644453
8,"Professional, Scientific, & Management, & Administrative & Waste Management Services",12,"Management of Companies & Enterprises",2013,"2013","04000US06","California",153,79.75587752636164,"Congressional District 17, CA","50000US0617","congressional-district-17-ca",125355,153131,,NaN,,NaN,0.04442702208284333
8,"Professional, Scientific, & Management, & Administrative & Waste Management Services",13,"Administrative & Support & Waste Management Services",2013,"2013","04000US06","California",12533,1117.8049919373236,"Congressional District 17, CA","50000US0617","congressional-district-17-ca",60664,8612,,NaN,,NaN,3.6392409657795786
9,"Educational Services, & Health Care & Social Assistance",14,"Educational Services",2013,"2013","04000US06","California",22706,1091.8534700224202,"Congressional District 17, CA","50000US0617","congressional-district-17-ca",78574,5100,,NaN,,NaN,6.593202375248632
9,"Educational Services, & Health Care & Social Assistance",15,"Health Care & Social Assistance",2013,"2013","04000US06","California",36561,1404.7127820305473,"Congressional District 17, CA","50000US0617","congressional-district-17-ca",98087,5780,,NaN,,NaN,10.616316041639443
10,"Arts, Entertainment, & Recreation, & Accommodation & Food Services",16,"Arts, Entertainment, & Recreation",2013,"2013","04000US06","California",4659,515.6558930139362,"Congressional District 17, CA","50000US0617","congressional-district-17-ca",40491,18456,,NaN,,NaN,1.352846378326582
10,"Arts, Entertainment, & Recreation, & Accommodation & Food Services",17,"Accommodation & Food Services",2013,"2013","04000US06","California",16196,1038.249488321569,"Congressional District 17, CA","50000US0617","congressional-district-17-ca",34178,3488,,NaN,,NaN,4.702876141527651
11,"Other Services, Except Public Administration (Group)",18,"Other Services, Except Public Administration",2013,"2013","04000US06","California",11630,721.9065036415727,"Congressional District 17, CA","50000US0617","congressional-district-17-ca",,,,NaN,,NaN,3.377034423682797
12,"Public Administration (Group)",19,"Public Administration",2013,"2013","04000US06","California",7692,590.5472038711216,"Congressional District 17, CA","50000US0617","congressional-district-17-ca",127877,18791,,NaN,,NaN,2.233546757262947